ID	Block	Row	Column	Name
1	1	1	1	DYE100
2	1	1	2	NO
3	1	1	3	NO
4	1	1	4	NO
5	1	1	5	NO
6	1	1	6	NO
7	1	1	7	NO
8	1	1	8	NO
9	1	1	9	NO
10	1	1	10	DYE100
11	1	2	1	NO
12	1	2	2	NO
13	1	2	3	KLOA050
14	1	2	4	P7025
15	1	2	5	P10100
16	1	2	6	P12050
17	1	2	7	P14025
18	1	2	8	AK100
19	1	2	9	NO
20	1	2	10	NO
21	1	3	1	NO
22	1	3	2	NEN100
23	1	3	3	KLOA100
24	1	3	4	P7050
25	1	3	5	P9025
26	1	3	6	P12100
27	1	3	7	P14050
28	1	3	8	Buffer
29	1	3	9	AK025
30	1	3	10	NO
31	1	4	1	NO
32	1	4	2	FEU025
33	1	4	3	KLOS025
34	1	4	4	P7100
35	1	4	5	P9050
36	1	4	6	P11025
37	1	4	7	P14100
38	1	4	8	Buffer
39	1	4	9	AK050
40	1	4	10	NO
41	1	5	1	NO
42	1	5	2	FEU050
43	1	5	3	KLOS050
44	1	5	4	P6025
45	1	5	5	P9100
46	1	5	6	P11050
47	1	5	7	P13025
48	1	5	8	Buffer
49	1	5	9	AK050
50	1	5	10	NO
51	1	6	1	NO
52	1	6	2	FEU100
53	1	6	3	KLOS100
54	1	6	4	P6050
55	1	6	5	P8025
56	1	6	6	P11100
57	1	6	7	P13050
58	1	6	8	P16025
59	1	6	9	AK050
60	1	6	10	NO
61	1	7	1	NO
62	1	7	2	NO
63	1	7	3	NEN025
64	1	7	4	P6100
65	1	7	5	P8050
66	1	7	6	P10025
67	1	7	7	P13100
68	1	7	8	P16050
69	1	7	9	AK100
70	1	7	10	AK025
71	1	8	1	DYE100
72	1	8	2	NO
73	1	8	3	NEN050
74	1	8	4	KLOA025
75	1	8	5	P8100
76	1	8	6	P10050
77	1	8	7	P12025
78	1	8	8	P16100
79	1	8	9	AK100
80	1	8	10	AK025
81	1	9	1	NO
82	1	9	2	NO
83	1	9	3	NO
84	1	9	4	NO
85	1	9	5	NO
86	1	9	6	NO
87	1	9	7	NO
88	1	9	8	NO
89	1	9	9	NO
90	1	9	10	NO
91	1	10	1	NO
92	1	10	2	NEN050
93	1	10	3	KLOA025
94	1	10	4	P8100
95	1	10	5	P10050
96	1	10	6	P12025
97	1	10	7	P16100
98	1	10	8	AK100
99	1	10	9	AK025
100	1	10	10	NO
101	1	11	1	NO
102	1	11	2	NEN100
103	1	11	3	KLOA050
104	1	11	4	P7025
105	1	11	5	P10100
106	1	11	6	P12050
107	1	11	7	P14025
108	1	11	8	AK100
109	1	11	9	AK025
110	1	11	10	NO
111	1	12	1	NO
112	1	12	2	FEU025
113	1	12	3	KLOA100
114	1	12	4	P7050
115	1	12	5	P9025
116	1	12	6	P12100
117	1	12	7	P14050
118	1	12	8	Buffer
119	1	12	9	AK025
120	1	12	10	NO
121	1	13	1	NO
122	1	13	2	FEU050
123	1	13	3	KLOS025
124	1	13	4	P7100
125	1	13	5	P9050
126	1	13	6	P11025
127	1	13	7	P14100
128	1	13	8	Buffer
129	1	13	9	AK050
130	1	13	10	NO
131	1	14	1	NO
132	1	14	2	FEU100
133	1	14	3	KLOS050
134	1	14	4	P6025
135	1	14	5	P9100
136	1	14	6	P11050
137	1	14	7	P13025
138	1	14	8	Buffer
139	1	14	9	AK050
140	1	14	10	DYE025
141	1	15	1	NO
142	1	15	2	NO
143	1	15	3	KLOS100
144	1	15	4	P6050
145	1	15	5	P8025
146	1	15	6	P11100
147	1	15	7	P13050
148	1	15	8	P16025
149	1	15	9	AK050
150	1	15	10	DYE025
151	1	16	1	DYE100
152	1	16	2	NO
153	1	16	3	NEN025
154	1	16	4	P6100
155	1	16	5	P8050
156	1	16	6	P10025
157	1	16	7	P13100
158	1	16	8	P16050
159	1	16	9	AK100
160	1	16	10	DYE025
161	1	17	1	NO
162	1	17	2	NO
163	1	17	3	NO
164	1	17	4	NO
165	1	17	5	NO
166	1	17	6	NO
167	1	17	7	NO
168	1	17	8	NO
169	1	17	9	NO
170	1	17	10	NO
171	1	18	1	NO
172	1	18	2	NEN025
173	1	18	3	P6100
174	1	18	4	P8050
175	1	18	5	P10025
176	1	18	6	P13100
177	1	18	7	P16050
178	1	18	8	AK100
179	1	18	9	NO
180	1	18	10	NO
181	1	19	1	NO
182	1	19	2	NEN050
183	1	19	3	KLOA025
184	1	19	4	P8100
185	1	19	5	P10050
186	1	19	6	P12025
187	1	19	7	P16100
188	1	19	8	AK100
189	1	19	9	AK025
190	1	19	10	NO
191	1	20	1	NO
192	1	20	2	NEN100
193	1	20	3	KLOA050
194	1	20	4	P7025
195	1	20	5	P10100
196	1	20	6	P12050
197	1	20	7	P14025
198	1	20	8	AK100
199	1	20	9	AK025
200	1	20	10	NO
201	1	21	1	NO
202	1	21	2	FEU025
203	1	21	3	KLOA100
204	1	21	4	P7050
205	1	21	5	P9025
206	1	21	6	P12100
207	1	21	7	P14050
208	1	21	8	Buffer
209	1	21	9	AK025
210	1	21	10	NO
211	1	22	1	NO
212	1	22	2	FEU050
213	1	22	3	KLOS025
214	1	22	4	P7100
215	1	22	5	P9050
216	1	22	6	P11025
217	1	22	7	P14100
218	1	22	8	Buffer
219	1	22	9	AK050
220	1	22	10	NO
221	1	23	1	NO
222	1	23	2	FEU100
223	1	23	3	KLOS050
224	1	23	4	P6025
225	1	23	5	P9100
226	1	23	6	P11050
227	1	23	7	P13025
228	1	23	8	Buffer
229	1	23	9	AK050
230	1	23	10	DYE050
231	1	24	1	NO
232	1	24	2	NO
233	1	24	3	KLOS100
234	1	24	4	P6050
235	1	24	5	P8025
236	1	24	6	P11100
237	1	24	7	P13050
238	1	24	8	P16025
239	1	24	9	AK050
240	1	24	10	DYE050
241	1	25	1	DYE100
242	1	25	2	NO
243	1	25	3	NO
244	1	25	4	NO
245	1	25	5	NO
246	1	25	6	NO
247	1	25	7	NO
248	1	25	8	NO
249	1	25	9	NO
250	1	25	10	DYE050
