	id	process	step	index	user	start	finish	comment	image	intensities
			S03	0						
			SC001	1				Wavelength: 635 Intensity: 600 Gain:100	N13_(=N1)_170731_600_100_635.jpg	
			W004	2						
			SC001	3				Wavelength: 532 Intensity: 600 Gain:100	N13_(=N1)_170731_600_100_532_gewaschenH2O.jpg	
			SC001	4				Wavelength: 635 Intensity: 600 Gain:100	N13_(=N1)_170731_600_100_635_gewaschenH2O.jpg	
			IA03	5						
			SC001	6				Wavelength: 635 Intensity: 600 Gain:100	N13_(=N1)_170725_600_100_nach_Virus_alle_farben.jpg	
